AP,AUC,SENSITIVITY,SPECIFICITY
0.570233084,0.905083491,0.962590361,0.237820948