AP,AUC,SENSITIVITY,SPECIFICITY
0.522411117,0.899370785,0.553811765,0.965983011