AP,AUC,SENSITIVITY,SPECIFICITY
0.451408479,0.905860854,0.241333333,0.993188