AP,AUC,SENSITIVITY,SPECIFICITY
0.551920551,0.899125084,0.334298851,0.995490857