AP,AUC,SENSITIVITY,SPECIFICITY
0.498098047,0.87936798,0.436494253,0.97782